{
  "纽约": [
    -74.0059,
    40.7143
  ],
  "拉萨": [
    91.1865,
    30.1465
  ],
  "Tokyo": [
    139.691706,
    35.689487
  ]
}
