{
  "上海": [
    121.4648,
    31.2891
  ],
  "广州": [
    113.5107,
    23.2196
  ],
  "拉萨": [
    91.1865,
    30.1465
  ],
  "舟山": [
    122.2559,
    30.2234
  ],
  "hushengdun": [
    28.047305,
    -26.204103
  ],
  "北京": [
    116.40739499999995,
    39.904211
  ],
  "Tokyo": [
    139.691706,
    35.689487
  ]
}
